{
  "version": "3.0",
  "trained_on": 20,
  "reference_weight_kg": 87,
  "rated_by": "Evan M (AXIS)",
  "discipline": "downwind",
  "features": [
    "Span (mm)",
    "Max Chord (mm)",
    "Thickness (mm)",
    "Thickness %",
    "Camber %",
    "Mean Chord (mm)",
    "Dihedral (mm)",
    "True Area (cm\u00b2)",
    "Projected Area (cm\u00b2)",
    "AR",
    "Roll Moment",
    "Pitch Moment"
  ],
  "scaler": {
    "mean": [
      1140.5,
      120.12449999999998,
      13.913192,
      0.11565000000000003,
      0.034725000000000006,
      83.29499999999999,
      20.57654,
      976.8545,
      971.517,
      14.102500000000001,
      8541.8,
      88.075
    ],
    "scale": [
      211.12733124823038,
      21.278787671058705,
      2.634441632911232,
      0.003198046278589477,
      0.004575683009125521,
      20.103892036120765,
      6.07571140364649,
      353.4581176812183,
      349.3080832173799,
      2.6251607093661904,
      6074.134313628569,
      70.06038020878849
    ]
  },
  "models": {
    "lift": {
      "coefficients": [
        8.499255707423897,
        6.1484372329049775,
        4.958834548298861,
        -2.8872005606738256,
        2.381196106343899,
        4.143906633848624,
        3.240638375672863,
        3.222456088558793,
        3.4536524619265663,
        -1.3819514286843189,
        -5.741521548731933,
        -7.141401344900041
      ],
      "intercept": 67.84999999999997,
      "r2": 0.9447
    },
    "glide": {
      "coefficients": [
        6.353780462955584,
        3.1785908537923735,
        2.4408160406232615,
        -0.6601810198533502,
        0.39859754700754785,
        0.6556466152454297,
        0.26200426815496164,
        2.2838654871739474,
        2.4455472309319366,
        4.009465646495997,
        -3.8896937006966112,
        -5.3562313730643725
      ],
      "intercept": 72.95,
      "r2": 0.8922
    },
    "speed": {
      "coefficients": [
        -5.216957261145129,
        -1.6987744427955072,
        -1.1923398773633063,
        1.2242432861311168,
        -2.7987426972579796,
        -2.9172825603475343,
        -0.788411064486617,
        -2.9350741011663315,
        -3.088565232421068,
        1.6240412014874355,
        0.04580646098237086,
        1.6776784723189553
      ],
      "intercept": 54.300000000000004,
      "r2": 0.9827
    },
    "carving": {
      "coefficients": [
        -7.021956727746109,
        -1.0656565606662491,
        -0.7644207401494827,
        0.12503379672828985,
        -0.4493913051162731,
        -0.964208649793477,
        1.4518059471034057,
        -3.9376388370051925,
        -4.111267705652278,
        -3.7971550577488498,
        -2.0041740935692585,
        1.1714055040500466
      ],
      "intercept": 56.5,
      "r2": 0.9749
    },
    "pump": {
      "coefficients": [
        11.351905304271828,
        4.214948369267146,
        3.0842028434868447,
        -1.8373375941468812,
        2.3653503691925852,
        4.944169554085843,
        2.259606064199087,
        5.291990780428761,
        5.611127331427357,
        -1.2351712912814774,
        -4.8319007000674485,
        -9.388357054623054
      ],
      "intercept": 60.84999999999999,
      "r2": 0.9462
    },
    "comfort": {
      "coefficients": [
        0.6701373780641376,
        7.394489443367815,
        5.652453794245899,
        -6.297476143182004,
        1.6940700473452586,
        2.6419952372176567,
        1.8439841331419158,
        -3.081329119790314,
        -3.0766312036489505,
        -7.325067462042387,
        -10.208366983169963,
        -10.079389375786075
      ],
      "intercept": 48.24999999999994,
      "r2": 0.8435
    }
  },
  "training_series": [
    "Tempo",
    "Fireball",
    "ARTPRO",
    "Spitfire",
    "PNG v2"
  ]
}