{
  "version": "2.0",
  "trained_on": 83,
  "features": [
    "area",
    "aspectRatio",
    "span",
    "rollMoment",
    "pitchMoment"
  ],
  "scaler": {
    "mean": [
      1087.2403614457828,
      10.020481927710838,
      1004.6987951807229,
      7881.588005234337,
      161.65654167867473
    ],
    "scale": [
      387.45180428907196,
      3.659312234943326,
      231.20614777646537,
      6232.448459876063,
      136.0197579718232
    ]
  },
  "models": {
    "lift": {
      "coefficients": [
        12.907459683786843,
        -4.724241634351725,
        9.521450401310434,
        -2.7077184990764036,
        -0.24016512641203208
      ],
      "intercept": 72.66218156634216,
      "r2": 0.9846
    },
    "glide": {
      "coefficients": [
        -2.6291675970626716,
        13.831209747669645,
        6.4740124006260364,
        -7.8147773285492805,
        -2.8747745102372915
      ],
      "intercept": 67.57975140562247,
      "r2": 0.9669
    },
    "speed": {
      "coefficients": [
        -5.924426518784743,
        16.955297989468047,
        2.149601212449722,
        -3.5139737254430132,
        -0.927845632753521
      ],
      "intercept": 50.147481927710814,
      "r2": 0.9962
    },
    "carving": {
      "coefficients": [
        7.883331790482311,
        -13.16368900124632,
        -6.153498042931955,
        3.3479849802202177,
        8.409229459606681
      ],
      "intercept": 48.79796077142572,
      "r2": 0.9881
    },
    "pump": {
      "coefficients": [
        12.431484470389044,
        9.266972078140713,
        7.772681571600059,
        -8.496704854321813,
        -0.008196392725432983
      ],
      "intercept": 69.26471175344054,
      "r2": 0.894
    },
    "comfort": {
      "coefficients": [
        10.775556754665061,
        -14.278983565572375,
        2.1700920906112477,
        0.16637111619642855,
        -3.5080509493757672
      ],
      "intercept": 76.85778514056226,
      "r2": 0.9917
    }
  },
  "training_series": [
    "Surge",
    "Tempo",
    "PNG",
    "ARTPRO",
    "Fireball",
    "ART v2",
    "PNG v2",
    "BSC",
    "ART",
    "SES",
    "HPS",
    "Spitfire"
  ]
}