{
  "model_version": "downwind_v1",
  "discipline": "downwind",
  "scenario": {
    "weight_kg": 70,
    "wind_kn": 25,
    "swell_m": 1.0
  },
  "features": [
    "area",
    "ar",
    "roll",
    "pitch",
    "span"
  ],
  "training_foils": 15,
  "coefficients": {
    "lift": {
      "coef_area": 0.14822825040750423,
      "coef_ar": -0.9810164521250035,
      "coef_roll": -0.00553254659604957,
      "coef_pitch": -0.6700097569064343,
      "coef_span": 0.14567965171491723,
      "intercept": -128.919579515365
    },
    "glide": {
      "coef_area": 0.1650526764242689,
      "coef_ar": 6.914802485748505,
      "coef_roll": -0.004103808765371867,
      "coef_pitch": -0.28389984839637866,
      "coef_span": -0.03976470117815789,
      "intercept": -80.22483484354241
    },
    "speed": {
      "coef_area": 0.048724159317672155,
      "coef_ar": 4.841239860896757,
      "coef_roll": 0.0015154026979228533,
      "coef_pitch": -0.06456899588074466,
      "coef_span": -0.17066427185118885,
      "intercept": 126.8297486696896
    },
    "carving": {
      "coef_area": 0.3680457155957665,
      "coef_ar": 8.054172962722415,
      "coef_roll": 0.0017400280903533006,
      "coef_pitch": -1.418425821611558,
      "coef_span": -0.39708728562698303,
      "intercept": 142.78388737064108
    },
    "pump": {
      "coef_area": 0.2184842101502131,
      "coef_ar": 2.151931893556875,
      "coef_roll": -0.005572800645675385,
      "coef_pitch": -0.6538854684120938,
      "coef_span": 0.057683016932336274,
      "intercept": -145.57799595989906
    },
    "comfort": {
      "coef_area": 0.41894004558315356,
      "coef_ar": 0.19009538493773318,
      "coef_roll": -0.004343737092854858,
      "coef_pitch": -2.313559344154672,
      "coef_span": -0.09051067135983078,
      "intercept": -36.491932545780145
    }
  }
}